/*!40101 SET character_set_client = utf8 */;

INSERT INTO `organisations` (`id`, `approved`, `name`, `website`, `mail`, `phone`, `address_id`) VALUES
('00000001-0000-0000-0008-000000000000', 0, 'notApprovedOrga', 'www.notApprovedOrga.de', 'notApprovedOrga@1.de', '01234567890', '00000000-0000-0000-0006-100000000000'),
('00000002-0000-0000-0008-000000000000', 0, 'notApprovedOrga2', 'www.notApprovedOrga2.de', 'notApprovedOrga2@1.de', '01234567890', '00000000-0000-0000-0006-100000000000'),
('00000003-0000-0000-0008-000000000000', 0, 'notApprovedOrga3', 'www.notApprovedOrga3.de', 'notApprovedOrga3@1.de', '01234567890', '00000000-0000-0000-0006-100000000000');

INSERT INTO `users` (`id`, `superuser`, `translator`, `username`, `password`, `name`, `phone`) VALUES
('00000001-0000-0000-0004-000000000000', 0, 0, 'notapprovedorga@user', '$2a$10$0pLpBHF8gWe9UFz1eJzAHOwwUHMIjfkaImWTP1BX9wAmWLdcOvbNW', 'notapprovedorga', '01234567890'),
('00000002-0000-0000-0004-000000000000', 0, 0, 'createorga@user', '$2a$10$0pLpBHF8gWe9UFz1eJzAHOwwUHMIjfkaImWTP1BX9wAmWLdcOvbNW', 'createorga', '01234567890'),
('00000003-0000-0000-0004-000000000000', 0, 0, 'notapprovedorga2@user', '$2a$10$0pLpBHF8gWe9UFz1eJzAHOwwUHMIjfkaImWTP1BX9wAmWLdcOvbNW', 'notapprovedorga2', '01234567890'),
('00000004-0000-0000-0004-000000000000', 0, 0, 'blog1@user', '$2a$10$0pLpBHF8gWe9UFz1eJzAHOwwUHMIjfkaImWTP1BX9wAmWLdcOvbNW', 'blog1', '01234567890'),
('00000005-0000-0000-0004-000000000000', 0, 0, 'blog2@user', '$2a$10$0pLpBHF8gWe9UFz1eJzAHOwwUHMIjfkaImWTP1BX9wAmWLdcOvbNW', 'blog2', '01234567890'),
('00000006-0000-0000-0004-000000000000', 0, 0, 'blogNotApproved@user', '$2a$10$0pLpBHF8gWe9UFz1eJzAHOwwUHMIjfkaImWTP1BX9wAmWLdcOvbNW', 'blogNotApproved', '01234567890'),
('00000007-0000-0000-0004-000000000000', 0, 0, 'bloggerApply@user', '$2a$10$0pLpBHF8gWe9UFz1eJzAHOwwUHMIjfkaImWTP1BX9wAmWLdcOvbNW', 'bloggerApply', '01234567890'),
('00000008-0000-0000-0004-000000000000', 0, 0, 'bloggerTakeApproval@user', '$2a$10$0pLpBHF8gWe9UFz1eJzAHOwwUHMIjfkaImWTP1BX9wAmWLdcOvbNW', 'blogNotApproved', '01234567890'),
('00000009-0000-0000-0004-000000000000', 0, 0, 'blogdelete1@user', '$2a$10$0pLpBHF8gWe9UFz1eJzAHOwwUHMIjfkaImWTP1BX9wAmWLdcOvbNW', 'blogdelete1', '01234567890'),
('00000011-0000-0000-0004-000000000000', 0, 0, 'blogdelete2@user', '$2a$10$0pLpBHF8gWe9UFz1eJzAHOwwUHMIjfkaImWTP1BX9wAmWLdcOvbNW', 'blogdelete2', '01234567890'),
('00000012-0000-0000-0004-000000000000', 0, 1, 'translator@user', '$2a$10$0pLpBHF8gWe9UFz1eJzAHOwwUHMIjfkaImWTP1BX9wAmWLdcOvbNW', 'translator', '01234567890');

INSERT INTO `providers` (`id`, `organisation_id`, `user_id`, `admin`, `approved`) VALUES
('00000001-0000-0000-0009-000000000000', '00000001-0000-0000-0008-000000000000', '00000001-0000-0000-0004-000000000000', 1, 1),
('00000002-0000-0000-0009-000000000000', '00000002-0000-0000-0008-000000000000', '00000003-0000-0000-0004-000000000000', 1, 1);

INSERT INTO `bloggers`(`id`, `approved`, `user_id`) VALUES
('00000000-0000-0000-0015-100000000000', 1, '00000004-0000-0000-0004-000000000000'),
('00000000-0000-0000-0015-200000000000', 1, '00000005-0000-0000-0004-000000000000'),
('00000000-0000-0000-0015-300000000000', 0, '00000006-0000-0000-0004-000000000000'),
('00000000-0000-0000-0015-400000000000', 1, '00000008-0000-0000-0004-000000000000'),
('00000000-0000-0000-0015-500000000000', 1, '00000009-0000-0000-0004-000000000000'),
('00000000-0000-0000-0015-600000000000', 1, '00000011-0000-0000-0004-000000000000');

INSERT INTO `topics` (`id`) VALUES
('00000000-0000-0000-0014-100000000000'),
('00000000-0000-0000-0014-200000000000'),
('00000000-0000-0000-0014-300000000000'),
('00000000-0000-0000-0014-400000000000'),
('00000000-0000-0000-0014-500000000000');

INSERT INTO `topic_translatables` (`id`, `name`, `language_id`, `parent_id`) VALUES
('00000000-0000-0000-0015-100000000000', 'topic1', '00000000-0000-0000-0013-400000000000', '00000000-0000-0000-0014-100000000000'),
('00000000-0000-0000-0015-200000000000', 'topicToChange', '00000000-0000-0000-0013-400000000000', '00000000-0000-0000-0014-200000000000'),
('00000000-0000-0000-0015-300000000000', 'topicToDelete', '00000000-0000-0000-0013-400000000000', '00000000-0000-0000-0014-300000000000'),
('00000000-0000-0000-0015-400000000000', 'pagePushTest', '00000000-0000-0000-0013-400000000000', '00000000-0000-0000-0014-400000000000'),
('00000000-0000-0000-0015-500000000000', '(pagePushTest) pagePushTest', '00000000-0000-0000-0013-100000000000', '00000000-0000-0000-0014-500000000000');

INSERT INTO `pages` (`id`, `topic_id`) VALUES
('00000000-0000-0000-0016-800000000000', '00000000-0000-0000-0014-100000000000'),
('00000000-0000-0000-0016-900000000000', '00000000-0000-0000-0014-100000000000'),
('00000000-0000-0000-0016-100000000001', '00000000-0000-0000-0014-100000000000');

INSERT INTO `page_translatables` (`id`, `title`, `content`, `language_id`, `parent_id`) VALUES
('00000000-0000-0000-0017-800000000000', 'page1', '<p>page1</p>', '00000000-0000-0000-0013-400000000000', '00000000-0000-0000-0016-800000000000'),
('00000000-0000-0000-0017-900000000000', 'pageToChange', '<p>pageToChange</p>', '00000000-0000-0000-0013-400000000000', '00000000-0000-0000-0016-900000000000'),
('00000000-0000-0000-0017-100000000001', 'pageToDelete', '<p>pageToDelete</p>', '00000000-0000-0000-0013-400000000000', '00000000-0000-0000-0016-100000000001');

INSERT INTO `blogs`(`id`, `activity_id`, `blogger_id`) VALUES
('00000000-0000-0000-0016-100000000000', '00000000-0000-0000-0010-100000000000', '00000000-0000-0000-0015-100000000000'),
('00000000-0000-0000-0016-200000000000', null, '00000000-0000-0000-0015-100000000000'),
('00000000-0000-0000-0016-300000000000', '00000000-0000-0000-0010-100000000000', '00000000-0000-0000-0015-200000000000'),
('00000000-0000-0000-0016-400000000000', '00000000-0000-0000-0010-100000000000', '00000000-0000-0000-0015-100000000000'),
('00000000-0000-0000-0016-500000000000', '00000000-0000-0000-0010-100000000000', '00000000-0000-0000-0015-100000000000'),
('00000000-0000-0000-0016-600000000000', '00000000-0000-0000-0010-100000000000', '00000000-0000-0000-0015-100000000000'),
('00000000-0000-0000-0016-700000000000', '00000000-0000-0000-0010-100000000000', '00000000-0000-0000-0015-100000000000');

INSERT INTO `blog_translatables` (`id`, `parent_id`, `language_id`, `title`, `content`) VALUES
('00000000-0000-0000-0017-100000000000', '00000000-0000-0000-0016-100000000000', '00000000-0000-0000-0013-400000000000', 'blog1', '<p>blog1</p>'),
('00000000-0000-0000-0017-200000000000', '00000000-0000-0000-0016-200000000000', '00000000-0000-0000-0013-400000000000', 'blog1', '<p>blog1</p>'),
('00000000-0000-0000-0017-300000000000', '00000000-0000-0000-0016-300000000000', '00000000-0000-0000-0013-400000000000', 'blog2', '<p>blog2</p>'),
('00000000-0000-0000-0017-400000000000', '00000000-0000-0000-0016-400000000000', '00000000-0000-0000-0013-400000000000', 'toDeleteBlogControllerSuper', '<p>toDeleteBlogControllerSuper</p>'),
('00000000-0000-0000-0017-500000000000', '00000000-0000-0000-0016-500000000000', '00000000-0000-0000-0013-400000000000', 'toDeleteBlogControllerOwn', '<p>toDeleteBlogControllerOwn</p>'),
('00000000-0000-0000-0017-600000000000', '00000000-0000-0000-0016-600000000000', '00000000-0000-0000-0013-400000000000', 'toDeleteUserControllerSuper', '<p>toDeleteUserControllerSuper</p>'),
('00000000-0000-0000-0017-700000000000', '00000000-0000-0000-0016-700000000000', '00000000-0000-0000-0013-400000000000', 'toDeleteUserControllerOwn', '<p>toDeleteUserControllerOwn</p>');

INSERT INTO `images` (`id`, `caption`, `mime_type`, `image`) VALUES
('00000000-0000-0000-0017-100000000000', 'image1', 'mimetype', x'89504E470D0A1A0A0000000D494844520000001000000010080200000090916836000000017352474200AECE1CE90000000467414D410000B18F0BFC6105000000097048597300000EC300000EC301C76FA8640000001E49444154384F6350DAE843126220493550F1A80662426C349406472801006AC91F1040F796BD0000000049454E44AE426082'),
('00000000-0000-0000-0017-200000000000', 'image2', 'mimetype', x'89504E470D0A1A0A0000000D494844520000001000000010080200000090916836000000017352474200AECE1CE90000000467414D410000B18F0BFC6105000000097048597300000EC300000EC301C76FA8640000001E49444154384F6350DAE843126220493550F1A80662426C349406472801006AC91F1040F796BD0000000049454E44AE426082'),
('00000000-0000-0000-0017-300000000000', 'image3', 'mimetype', x'89504E470D0A1A0A0000000D494844520000001000000010080200000090916836000000017352474200AECE1CE90000000467414D410000B18F0BFC6105000000097048597300000EC300000EC301C76FA8640000001E49444154384F6350DAE843126220493550F1A80662426C349406472801006AC91F1040F796BD0000000049454E44AE426082'),
('00000000-0000-0000-0017-400000000000', 'image4', 'mimetype', x'89504E470D0A1A0A0000000D494844520000001000000010080200000090916836000000017352474200AECE1CE90000000467414D410000B18F0BFC6105000000097048597300000EC300000EC301C76FA8640000001E49444154384F6350DAE843126220493550F1A80662426C349406472801006AC91F1040F796BD0000000049454E44AE426082');

INSERT INTO `organisations_images` (`id`, `organisation_id`, `image_id`) VALUES
('00000000-0000-0000-0018-100000000000', '00000000-0000-0000-0008-100000000000', '00000000-0000-0000-0017-100000000000');

INSERT INTO `activities_images` (`id`, `activity_id`, `image_id`) VALUES
('00000000-0000-0000-0019-100000000000', '00000000-0000-0000-0010-100000000000', '00000000-0000-0000-0017-200000000000');

INSERT INTO `blogs_images` (`id`, `blog_id`, `image_id`) VALUES
('00000000-0000-0000-0019-100000000000', '00000000-0000-0000-0016-100000000000', '00000000-0000-0000-0017-300000000000');

INSERT INTO `videos` (`id`, `url`, `organisation_id`, `thumbnail_id`) VALUES
('00000000-0000-0000-0020-100000000000', 'videoUrl1', '00000000-0000-0000-0008-100000000000', '00000000-0000-0000-0017-400000000000'),
('00000000-0000-0000-0020-200000000000', 'videoUrl2', '00000000-0000-0000-0008-100000000000', null),
('00000000-0000-0000-0020-300000000000', 'videoUrl3', '00000000-0000-0000-0008-100000000000', null),
('00000000-0000-0000-0020-400000000000', 'videoUrl4', '00000000-0000-0000-0008-200000000000', null),
('00000000-0000-0000-0020-500000000000', 'videoUrl5', '00000000-0000-0000-0008-200000000000', null),
('00000000-0000-0000-0020-600000000000', 'videoUrl6', '00000000-0000-0000-0008-200000000000', null);

INSERT INTO `subscriptions`(`id`, `auth_secret`, `locale`) VALUES
('00000000-0000-0000-0020-100000000000', 'authSecret1', 'en'),
('00000000-0000-0000-0020-200000000000', 'authSecretUpdate', 'en'),
('00000000-0000-0000-0020-300000000000', 'authSecretDelete', 'en'),
('00000000-0000-0000-0020-400000000000', 'authSecretDe', 'de'),
('00000000-0000-0000-0020-500000000000', 'authSecretEs', 'es');

INSERT INTO `subscription_types`(`id`, `config_type`) VALUES
('00000000-0000-0000-0021-100000000000', 'read'),
('00000000-0000-0000-0021-200000000000', 'delete'),
('00000000-0000-0000-0021-300000000000', 'NEWS'),
('00000000-0000-0000-0021-400000000000', 'SINGLE_CONTENT'),
('00000000-0000-0000-0021-500000000000', 'NEW_CONTENT'),
('00000000-0000-0000-0021-600000000000', 'ACTIVITY_REMINDER');

INSERT INTO `subscribed_types`(`id`, `subscription_id`, `subscription_type_id`) VALUES
('00000000-0000-0000-0022-100000000000', '00000000-0000-0000-0020-100000000000', '00000000-0000-0000-0021-100000000000'),
('00000000-0000-0000-0022-200000000000', '00000000-0000-0000-0020-100000000000', '00000000-0000-0000-0021-200000000000'),
('00000000-0000-0000-0022-300000000000', '00000000-0000-0000-0020-100000000000', '00000000-0000-0000-0021-300000000000'),
('00000000-0000-0000-0022-400000000000', '00000000-0000-0000-0020-100000000000', '00000000-0000-0000-0021-400000000000'),
('00000000-0000-0000-0022-500000000000', '00000000-0000-0000-0020-100000000000', '00000000-0000-0000-0021-500000000000'),
('00000000-0000-0000-0022-600000000000', '00000000-0000-0000-0020-100000000000', '00000000-0000-0000-0021-600000000000'),
('00000000-0000-0000-0023-700000000000', '00000000-0000-0000-0020-400000000000', '00000000-0000-0000-0021-300000000000'),
('00000000-0000-0000-0024-800000000000', '00000000-0000-0000-0020-400000000000', '00000000-0000-0000-0021-400000000000'),
('00000000-0000-0000-0022-900000000000', '00000000-0000-0000-0020-400000000000', '00000000-0000-0000-0021-500000000000'),
('00000000-0000-0000-0023-110000000000', '00000000-0000-0000-0020-400000000000', '00000000-0000-0000-0021-600000000000'),
('00000000-0000-0000-0022-120000000000', '00000000-0000-0000-0020-500000000000', '00000000-0000-0000-0021-500000000000'),
('00000000-0000-0000-0022-130000000000', '00000000-0000-0000-0020-500000000000', '00000000-0000-0000-0021-600000000000');

INSERT INTO `subscription_type_translatables` (`id`, `parent_id`, `language_id`, `name`, `description`) VALUES
('00000000-0000-0000-0023-100000000000', '00000000-0000-0000-0021-100000000000', '00000000-0000-0000-0013-400000000000', 'subscriptionType1', '<p>subscriptionType1</p>'),
('00000000-0000-0000-0023-200000000000', '00000000-0000-0000-0021-200000000000', '00000000-0000-0000-0013-400000000000', 'subscriptionType2', '<p>subscriptionType2</p>'),
('00000000-0000-0000-0023-300000000000', '00000000-0000-0000-0021-300000000000', '00000000-0000-0000-0013-400000000000', 'news', '<p>news</p>'),
('00000000-0000-0000-0023-400000000000', '00000000-0000-0000-0021-400000000000', '00000000-0000-0000-0013-400000000000', 'single content', '<p>single content</p>'),
('00000000-0000-0000-0023-500000000000', '00000000-0000-0000-0021-500000000000', '00000000-0000-0000-0013-400000000000', 'new content', '<p>new content</p>'),
('00000000-0000-0000-0023-600000000000', '00000000-0000-0000-0021-600000000000', '00000000-0000-0000-0013-400000000000', 'activity reminder', '<p>activity reminder</p>');

INSERT INTO `activity_subscriptions`(`id`, `subscription_id`, `activity_id`) VALUES
('00000000-0000-0000-0024-100000000000', '00000000-0000-0000-0020-100000000000', '00000000-0000-0000-0010-100000000000'),
('00000000-0000-0000-0024-200000000000', '00000000-0000-0000-0020-100000000000', '00000000-0000-0000-0010-200000000000'),
('00000000-0000-0000-0024-300000000000', '00000000-0000-0000-0020-400000000000', '00000000-0000-0000-0010-300000000000');

INSERT INTO `blogger_subscriptions`(`id`, `subscription_id`, `blogger_id`) VALUES
('00000000-0000-0000-0025-100000000000', '00000000-0000-0000-0020-100000000000', '00000000-0000-0000-0015-100000000000'),
('00000000-0000-0000-0025-200000000000', '00000000-0000-0000-0020-100000000000', '00000000-0000-0000-0015-200000000000'),
('00000000-0000-0000-0025-300000000000', '00000000-0000-0000-0020-400000000000', '00000000-0000-0000-0015-300000000000');

INSERT INTO `organisation_subscriptions`(`id`, `subscription_id`, `organisation_id`) VALUES
('00000000-0000-0000-0026-100000000000', '00000000-0000-0000-0020-100000000000', '00000000-0000-0000-0008-100000000000'),
('00000000-0000-0000-0026-200000000000', '00000000-0000-0000-0020-100000000000', '00000000-0000-0000-0008-200000000000'),
('00000000-0000-0000-0026-300000000000', '00000000-0000-0000-0020-400000000000', '00000000-0000-0000-0008-300000000000');

INSERT INTO `topic_subscriptions`(`id`, `subscription_id`, `topic_id`) VALUES
('00000000-0000-0000-0027-100000000000', '00000000-0000-0000-0020-100000000000', '00000000-0000-0000-0014-100000000000'),
('00000000-0000-0000-0027-200000000000', '00000000-0000-0000-0020-100000000000', '00000000-0000-0000-0014-200000000000'),
('00000000-0000-0000-0027-300000000000', '00000000-0000-0000-0020-400000000000', '00000000-0000-0000-0014-400000000000'),
('00000000-0000-0000-0027-400000000000', '00000000-0000-0000-0020-500000000000', '00000000-0000-0000-0014-500000000000');

INSERT INTO `labels` (`id`, `tag_id`) VALUES
('00000000-0000-0000-0028-100000000000', 'label1'),
('00000000-0000-0000-0028-200000000000', 'labelToChange'),
('00000000-0000-0000-0028-300000000000', 'labelToDelete');

INSERT INTO `label_translatables` (`id`, `content`, `language_id`, `parent_id`) VALUES
('00000000-0000-0000-0029-100000000000', '<p>label1</p>', '00000000-0000-0000-0013-400000000000', '00000000-0000-0000-0028-100000000000'),
('00000000-0000-0000-0029-200000000000', '<p>labelToChange</p>', '00000000-0000-0000-0013-400000000000', '00000000-0000-0000-0028-200000000000'),
('00000000-0000-0000-0029-300000000000', '<p>labelToDelete</p>', '00000000-0000-0000-0013-400000000000', '00000000-0000-0000-0028-300000000000'),
('00000000-0000-0000-0029-400000000000', '<p>label2</p>', '00000000-0000-0000-0013-100000000000', '00000000-0000-0000-0028-100000000000');

UPDATE `activities` SET contact_name = 'Test Test', mail = 'test@wooportal.de';

